donor_label	primary_id	processed_id	block_id	file_name	required	exists	size_mb	sha256	local_path	role	included_in_learner_total
Donor_1	HBM347.VDHS.379	HBM675.RVGB.258	HBM675.RVGB.258	raw_expr.h5ad	True	True	68.57	a63f5d007a7c16abfde52c55626917f24bd71e47bb53ecef36d60643f0dcba60	data/source/HUBMAP/Donor_1/snRNAseq/HBM347.VDHS.379/raw_expr.h5ad	Module 1 QC matrix	True
Donor_1	HBM347.VDHS.379	HBM675.RVGB.258	HBM675.RVGB.258	HBM347.VDHS.379.tsv	True	True	0.02	c53249155469f9b71b0f9c54a61960f903df04d900bf7c221aa4d90ccefd80ef	data/source/HUBMAP/Donor_1/snRNAseq/HBM347.VDHS.379/HBM347.VDHS.379.tsv	block metadata	True
Donor_2	HBM473.NKMR.872	HBM362.DZVK.533	HBM362.DZVK.533	raw_expr.h5ad	True	True	104.55	979bac668d8c2f528fa1cb17bf38bc4fda789ccf92ad13537b47d739574b0dd1	data/source/HUBMAP/Donor_2/snRNAseq/HBM473.NKMR.872/raw_expr.h5ad	Module 1 QC matrix	True
Donor_2	HBM473.NKMR.872	HBM362.DZVK.533	HBM362.DZVK.533	HBM473.NKMR.872.tsv	True	True	0.02	eeb2195ff9eeaa56f0a8ad81303611a69cfd36c19b79f87be6e8512c4a5f38d3	data/source/HUBMAP/Donor_2/snRNAseq/HBM473.NKMR.872/HBM473.NKMR.872.tsv	block metadata	True
Donor_3	HBM484.RGWP.797	HBM874.PWHS.622	HBM874.PWHS.622	raw_expr.h5ad	True	True	150.92	b01de10f7d26a8a540c9990e7d2c9d8923e65bf8cb5e91dfad4963c886ad5920	data/source/HUBMAP/Donor_3/snRNAseq/HBM484.RGWP.797/raw_expr.h5ad	Module 1 QC matrix	True
Donor_3	HBM484.RGWP.797	HBM874.PWHS.622	HBM874.PWHS.622	HBM484.RGWP.797.tsv	True	True	0.02	3b568bf9c0d5f66bda33332605f3e6a771ef556fdc0ca3edbad7633e6c858d23	data/source/HUBMAP/Donor_3/snRNAseq/HBM484.RGWP.797/HBM484.RGWP.797.tsv	block metadata	True
Donor_4	HBM379.QCJT.435	HBM735.NMFW.852	HBM735.NMFW.852	raw_expr.h5ad	True	True	70.56	381ba5fbb1d90f284ae1b5cc93e7c3909f0cd85f1a6f6eac4c7c0743a27f478e	data/source/HUBMAP/Donor_4/snRNAseq/HBM379.QCJT.435/raw_expr.h5ad	Module 1 QC matrix	True
Donor_4	HBM379.QCJT.435	HBM735.NMFW.852	HBM735.NMFW.852	HBM379.QCJT.435.tsv	True	True	0.02	5f56424e90857d4f0a6426af48c74f025bf446773555754c90dd6e34b4b71821	data/source/HUBMAP/Donor_4/snRNAseq/HBM379.QCJT.435/HBM379.QCJT.435.tsv	block metadata	True
Donor_2	HBM828.GPVG.252	HBM828.GPVG.252	HBM828.GPVG.252	multiome_mofa.hdf5	True	True	140.78	ee3f1c04256f1053aa16ad372526f89a5f6c23888fa43bf461e2711dba3c1982	data/source/HUBMAP/Donor_2/SNAREseq/HBM828.GPVG.252/multiome_mofa.hdf5	Module 3 MOFA interpretation (default path)	True
GTEx	v10_lung	v10_lung	v10_lung	gene_tpm_v10_lung.gct.gz	True	True	77.6	a1927b6647f0245efaeba9ae20e6602c6465027a1c28b73da81794fe6404bd0a	data/source/GTEX/gene_tpm_v10_lung.gct.gz	Module 4 GTEx lung TPM (levels and HuBMAP bridge)	True
GTEx	v10_lung	v10_lung	v10_lung	gene_reads_v10_lung.gct.gz	True	True	32.49	821553f786a652d93ee6779ec09ecb414526cd9b5ffc4f67a9377c2f0c0f7fd5	data/source/GTEX/gene_reads_v10_lung.gct.gz	Module 4 GTEx lung counts (aging DE)	True
GTEx	v10_annotations	v10_annotations	v10_annotations	GTEx_Analysis_v10_Annotations_SampleAttributesDS.txt	True	True	38.5	98c246b3855edf62cb050982a7ca50f3069d010624baea47ef84a9465900ca4b	data/source/GTEX/GTEx_Analysis_v10_Annotations_SampleAttributesDS.txt	Module 4 GTEx sample metadata	True
GTEx	v10_annotations	v10_annotations	v10_annotations	GTEx_Analysis_v10_Annotations_SubjectPhenotypesDS.txt	True	True	0.02	2313caeaaf3718ac8aead8c6b9eab92b3f613509cfe1a6f7b6286310a7200e73	data/source/GTEX/GTEx_Analysis_v10_Annotations_SubjectPhenotypesDS.txt	Module 4 GTEx subject metadata (age brackets)	True
GEO	GSE150910	GSE150910	GSE150910	GSE150910_gene-level_count_file.csv.gz	True	True	8.12	e673f6725c06d0e71f86d0efe35b1e5301349356327b15f1e219240855bb4534	data/source/GEO/GSE150910/GSE150910_gene-level_count_file.csv.gz	Module 4 IPF vs control counts	True
GEO	GSE150910	GSE150910	GSE150910	GSE150910_series_matrix.txt.gz	True	True	0.01	f0867ddcad051e581b63f3af94e6c134a5154a10d2ff72889545ca2ef6a728a6	data/source/GEO/GSE150910/GSE150910_series_matrix.txt.gz	Module 4 GEO series and sample metadata	True
OSDR	OSD-248	OSD-248	OSD-248	GLDS-248_rna_seq_RSEM_Unnormalized_Counts_rRNArm_GLbulkRNAseq.csv	True	True	10.9	354bff0658b84275d0a7855a2603114fbaf93a9510ad3c6c503cccd8c1a9e765	data/source/OSDR/OSD-248/GLDS-248_rna_seq_RSEM_Unnormalized_Counts_rRNArm_GLbulkRNAseq.csv	Module 4 RSEM counts (rRNArm) for the flight contrast	True
OSDR	OSD-248	OSD-248	OSD-248	GLDS-248_rna_seq_differential_expression_rRNArm_GLbulkRNAseq.csv	True	True	111.54	b29c0c39e09ba884a3ecf66df61d17e2977552f0cea3de70f039d271653fc2b1	data/source/OSDR/OSD-248/GLDS-248_rna_seq_differential_expression_rRNArm_GLbulkRNAseq.csv	Module 4 GeneLab DE table (independent cross-check)	True
OSDR	OSD-248	OSD-248	OSD-248	GLDS-248_rna_seq_contrasts_GLbulkRNAseq.csv	True	True	0.01	6b3ba4c64783e9ab5496040feeeee8dd05aad0fea578577ae16d446f8d660482	data/source/OSDR/OSD-248/GLDS-248_rna_seq_contrasts_GLbulkRNAseq.csv	Module 4 GeneLab contrast definitions	True
OSDR	OSD-248	OSD-248	OSD-248	s_OSD-248.txt	True	True	0.06	a302666defd0a687c76b4e94e39720f1b11cf736c0ca3171cecbde6e2a23ac9a	data/source/OSDR/OSD-248/OSD-248_metadata_GLDS-248-ISA/s_OSD-248.txt	Module 4 ISA sample metadata (arm assignment)	True
OSDR	OSD-248	OSD-248	OSD-248	a_OSD-248_transcription-profiling_rna-sequencing-(rna-seq)_Illumina NovaSeq 6000.txt	True	True	0.16	a825930a352530fe1ce3add5fa540bb1f0c454d4fd9371331ea1063d79970061	data/source/OSDR/OSD-248/OSD-248_metadata_GLDS-248-ISA/a_OSD-248_transcription-profiling_rna-sequencing-(rna-seq)_Illumina NovaSeq 6000.txt	Module 4 ISA assay metadata (library prep, sequencer)	True
